Steckencode;Startstation;Endstation;Linie;special;;;;;;;;;
4134;Oberlaa;Neulaa;U1;Nein;;;;;;;;;
4135;Neulaa;Alaudagasse;U1;Nein;;;;;;;;;
4136;Alaudagasse;Altes Landgut;U1;Nein;;;;;;;;;
4137;Altes Landgut;Troststraße;U1;Nein;;;;;;;;;
4138;Troststraße;Reumannplatz;U1;Nein;;;;;;;;;
4101;Reumannplatz;Keplerplatz;U1;Nein;;;;;;;;;
4103;Keplerplatz;Südtiroler Platz - Hauptbahnhof;U1;Nein;;;;;;;;;
4105;Südtiroler Platz - Hauptbahnhof;Taubstummengasse;U1;Nein;;;;;;;;;
4107;Taubstummengasse;Karlsplatz;U1;Nein;;;;;;;;;
4109;Karlsplatz;Stephansplatz;U1;Nein;;;;;;;;;
4111;Stephansplatz;Schwedenplatz;U1;Nein;;;;;;;;;
4113;Schwedenplatz;Nestroyplatz;U1;Nein;;;;;;;;;
4115;Nestroyplatz;Praterstern;U1;Nein;;;;;;;;;
4117;Praterstern;Vorgartenstraße;U1;Nein;;;;;;;;;
4119;Vorgartenstraße;Donauinsel;U1;Nein;;;;;;;;;
4121;Donauinsel;Kaißermühlen;U1;Nein;;;;;;;;;
4123;Kaißermühlen;Alte Donau;U1;Nein;;;;;;;;;
4125;Alte Donau;Kagran;U1;Nein;;;;;;;;;
4127;Kagran;Kagraner Platz;U1;Nein;;;;;;;;;
4181;Kagraner Platz;Rennbahnweg;U1;Nein;;;;;;;;;
4182;Rennbahnweg;Aderklaaer Straße;U1;Nein;;;;;;;;;
4183;Aderklaaer Straße;Großfeldsiedlung;U1;Nein;;;;;;;;;
4184;Großfeldsiedlung;Leopoldau;U1;Nein;;;;;;;;;
4185;Leopoldau;Gleis nach Station Leopoldau;U1;Ja;;;;;;;;;
4132;Neulaa;Oberlaa;U1;Nein;;;;;;;;;
4131;Alaudagasse;Neulaa;U1;Nein;;;;;;;;;
4130;Altes Landgut;Alaudagasse;U1;Nein;;;;;;;;;
4129;Troststraße;Altes Landgut;U1;Nein;;;;;;;;;
4128;Reumannplatz;Troststraße;U1;Nein;;;;;;;;;
4126;Keplerplatz;Reumannplatz;U1;Nein;;;;;;;;;
4124;Südtiroler Platz - Hauptbahnhof;Keplerplatz;U1;Nein;;;;;;;;;
4122;Taubstummengasse;Südtiroler Platz - Hauptbahnhof;U1;Nein;;;;;;;;;
4120;Karlsplatz;Taubstummengasse;U1;Nein;;;;;;;;;
4118;Stephansplatz;Karlsplatz;U1;Nein;;;;;;;;;
4116;Schwedenplatz;Stephansplatz;U1;Nein;;;;;;;;;
4114;Nestroyplatz;Schwedenplatz;U1;Nein;;;;;;;;;
4112;Praterstern;Nestroyplatz;U1;Nein;;;;;;;;;
4110;Vorgartenstraße;Praterstern;U1;Nein;;;;;;;;;
4108;Donauinsel;Vorgartenstraße;U1;Nein;;;;;;;;;
4106;Kaißermühlen;Donauinsel;U1;Nein;;;;;;;;;
4104;Alte Donau;Kaißermühlen;U1;Nein;;;;;;;;;
4102;Kagran;Alte Donau;U1;Nein;;;;;;;;;
4186;Kagraner Platz;Kagran;U1;Nein;;;;;;;;;
4187;Rennbahnweg;Kagraner Platz;U1;Nein;;;;;;;;;
4188;Aderklaaer Straße;Rennbahnweg;U1;Nein;;;;;;;;;
4189;Großfeldsiedlung;Aderklaaer Straße;U1;Nein;;;;;;;;;
4190;Leopoldau;Großfeldsiedlung;U1;Nein;;;;;;;;;
4133;Oberlaa;Wendeanlage Oberlaa;U1;Ja;;;;;;;;;
4171;Wendegleis der Station Leopoldau;Wendegleis der Station Leopoldau;U1;Ja;;;;;;;;;
4141;Wendegleis der Station Reumannplatz;Wendegleis der Station Reumannplatz;U1;Ja;;;;;;;;;
4276;Seestadt;Betriebsbahnhof Aspern;U2;Ja;;;;;;;;;
4275;Aspern Nord;Seestadt;U2;Nein;;;;;;;;;
4274;Hausfeldstraße;Aspern Nord;U2;Nein;;;;;;;;;
4272;Aspernstraße;Hausfeldstraße;U2;Nein;;;;;;;;;
4271;Donauspital;Aspernstraße;U2;Nein;;;;;;;;;
4270;Hardeggasse;Donauspital;U2;Nein;;;;;;;;;
4269;Stadlau;Hardeggasse;U2;Nein;;;;;;;;;
4268;Donaustadtbrücke;Stadlau;U2;Nein;;;;;;;;;
4267;Donaumarina;Donaustadtbrücke;U2;Nein;;;;;;;;;
4266;Stadion;Donaumarina;U2;Nein;;;;;;;;;
4265;Krieau;Stadion;U2;Nein;;;;;;;;;
4264;Messe-Prater;Krieau;U2;Nein;;;;;;;;;
4263;Praterstern;Messe-Prater;U2;Nein;;;;;;;;;
4262;Taborstraße;Praterstern;U2;Nein;;;;;;;;;
4214;Schottenring;Taborstraße;U2;Nein;;;;;;;;;
4212;Schottentor;Schottenring;U2;Nein;;;;;;;;;
4210;Rathaus;Schottentor;U2;Nein;;;;;;;;;
4206;Volkstheater;Rathaus;U2;Nein;;;;;;;;;
4204;Museumsquartier;Volkstheater;U2;Nein;;;;;;;;;
4202;Karlsplatz;Museumsquartier;U2;Nein;;;;;;;;;
4277;Seestadt;Aspern Nord;U2;Nein;;;;;;;;;
4278;Aspern Nord;Hausfeldstraße;U2;Nein;;;;;;;;;
4279;Hausfeldstraße;Aspernstraße;U2;Nein;;;;;;;;;
4251;Aspernstraße;Donauspital;U2;Nein;;;;;;;;;
4252;Donauspital;Hardeggasse;U2;Nein;;;;;;;;;
4253;Hardeggasse;Stadlau;U2;Nein;;;;;;;;;
4254;Stadlau;Donaustadtbrücke;U2;Nein;;;;;;;;;
4256;Donaustadtbrücke;Donaumarina;U2;Nein;;;;;;;;;
4255;Donaumarina;Stadion;U2;Nein;;;;;;;;;
4257;Stadion;Krieau;U2;Nein;;;;;;;;;
4258;Krieau;Messe-Prater;U2;Nein;;;;;;;;;
4259;Messe-Prater;Praterstern;U2;Nein;;;;;;;;;
4260;Praterstern;Taborstraße;U2;Nein;;;;;;;;;
4261;Taborstraße;Schottenring;U2;Nein;;;;;;;;;
4201;Schottenring;Schottentor;U2;Nein;;;;;;;;;
4203;Schottentor;Rathaus;U2;Nein;;;;;;;;;
4205;Rathaus;Volkstheater;U2;Nein;;;;;;;;;
4209;Volkstheater;Museumsquartier;U2;Nein;;;;;;;;;
4211;Museumsquartier;Karlsplatz;U2;Nein;;;;;;;;;
4213;Karlsplatz;Gleis nach der Station Karlsplatz;U2;Ja;;;;;;;;;
1000;Wendegleis der Station Karlsplatz + Seestadt;Wendegleis der Station Karlsplatz + Seestadt;U2;Ja;;;;;;;;;
1021;Wendegleis der Station Aspernstraße;Wendegleis der Station Aspernstraße;U2;Ja;;;;;;;;;
4930;Ottakring;Betriebsbahnhof Ottakring;U3;Ja;;;;;;;;;
4929;Kendlerstraße;Ottakring;U3;Nein;;;;;;;;;
4928;Hütteldorfer Straße;Kendlerstraße;U3;Nein;;;;;;;;;
4925;Johnstraße;Hütteldorfer Straße;U3;Nein;;;;;;;;;
4924;Schweglerstraße;Johnstraße;U3;Nein;;;;;;;;;
4920;Westbahnhof;Schweglerstraße;U3;Nein;;;;;;;;;
4919;Zieglergasse;Westbahnhof;U3;Nein;;;;;;;;;
4918;Neubaugasse;Zieglergasse;U3;Nein;;;;;;;;;
4908;Volkstheater;Neubaugasse;U3;Nein;;;;;;;;;
4907;Herrengasse;Volkstheater;U3;Nein;;;;;;;;;
4906;Stephansplatz;Herrengasse;U3;Nein;;;;;;;;;
4905;Stubentor;Stephansplatz;U3;Nein;;;;;;;;;
4904;Landstraße;Stubentor;U3;Nein;;;;;;;;;
4903;Rochusgasse;Landstraße;U3;Nein;;;;;;;;;
4902;Kardinal-Nagl-Platz;Rochusgasse;U3;Nein;;;;;;;;;
4901;Schlachthausgasse;Kardinal-Nagl-Platz;U3;Nein;;;;;;;;;
4900;Erdberg;Schlachthausgasse;U3;Nein;;;;;;;;;
4941;Gasometer;Erdberg;U3;Nein;;;;;;;;;
4940;Zippererstraße;Gasometer;U3;Nein;;;;;;;;;
4939;Enkplatz;Zippererstraße;U3;Nein;;;;;;;;;
4938;Simmering;Enkplatz;U3;Nein;;;;;;;;;
4931;Ottakring;Kendlerstraße;U3;Nein;;;;;;;;;
4932;Kendlerstraße;Hütteldorfer Straße;U3;Nein;;;;;;;;;
4933;Hütteldorfer Straße;Johnstraße;U3;Nein;;;;;;;;;
4926;Johnstraße;Schweglerstraße;U3;Nein;;;;;;;;;
4927;Schweglerstraße;Westbahnhof;U3;Nein;;;;;;;;;
4921;Westbahnhof;Zieglergasse;U3;Nein;;;;;;;;;
4922;Zieglergasse;Neubaugasse;U3;Nein;;;;;;;;;
4923;Neubaugasse;Volkstheater;U3;Nein;;;;;;;;;
4909;Volkstheater;Herrengasse;U3;Nein;;;;;;;;;
4910;Herrengasse;Stephansplatz;U3;Nein;;;;;;;;;
4911;Stephansplatz;Stubentor;U3;Nein;;;;;;;;;
4912;Stubentor;Landstraße;U3;Nein;;;;;;;;;
4913;Landstraße;Rochusgasse;U3;Nein;;;;;;;;;
4914;Rochusgasse;Kardinal-Nagl-Platz;U3;Nein;;;;;;;;;
4915;Kardinal-Nagl-Platz;Schlachthausgasse;U3;Nein;;;;;;;;;
4916;Schlachthausgasse;Erdberg;U3;Nein;;;;;;;;;
4917;Erdberg;Gasometer;U3;Nein;;;;;;;;;
4934;Gasometer;Zippererstraße;U3;Nein;;;;;;;;;
4935;Zippererstraße;Enkplatz;U3;Nein;;;;;;;;;
4936;Enkplatz;Simmering;U3;Nein;;;;;;;;;
4937;Simmering;Gleis nach der Station Simmering;U3;Ja;;;;;;;;;
4961;Wendegleis der Station Ottakring;Wendegleis der Station Ottakring;U3;Ja;;;;;;;;;
4962;Wendegleis der Station Simmering;Wendegleis der Station Simmering;U3;Ja;;;;;;;;;
4401;Hütteldorf;Ober St. Veit;U4;Nein;;;;;;;;;
4403;Ober St. Veit;Unter St. Veit;U4;Nein;;;;;;;;;
4405;Unter St. Veit;Braunschweiggasse;U4;Nein;;;;;;;;;
4407;Braunschweiggasse;Hietzing;U4;Nein;;;;;;;;;
4409;Hietzing;Schönbrunn;U4;Nein;;;;;;;;;
4411;Schönbrunn;Meidling Hauptstraße;U4;Nein;;;;;;;;;
4413;Meidling Hauptstraße;Längenfeldgasse;U4;Nein;;;;;;;;;
4437;Längenfeldgasse;Margaretengürtel;U4;Nein;;;;;;;;;
4415;Margaretengürtel;Pilgramgasse;U4;Nein;;;;;;;;;
4417;Pilgramgasse;Kettenbrückengasse;U4;Nein;;;;;;;;;
4419;Kettenbrückengasse;Karlsplatz;U4;Nein;;;;;;;;;
4421;Karlsplatz;Stadtpark;U4;Nein;;;;;;;;;
4423;Stadtpark;Landstraße;U4;Nein;;;;;;;;;
4425;Landstraße;Schwedenplatz;U4;Nein;;;;;;;;;
4427;Schwedenplatz;Schottenring;U4;Nein;;;;;;;;;
4429;Schottenring;Roßauer Lände;U4;Nein;;;;;;;;;
4431;Roßauer Lände;Friedensbrücke;U4;Nein;;;;;;;;;
4433;Friedensbrücke;Spittelau;U4;Nein;;;;;;;;;
4439;Spittelau;Heiligenstadt;U4;Nein;;;;;;;;;
4434;Ober St. Veit;Hütteldorf;U4;Nein;;;;;;;;;
4432;Unter St. Veit;Ober St. Veit;U4;Nein;;;;;;;;;
4430;Braunschweiggasse;Unter St. Veit;U4;Nein;;;;;;;;;
4428;Hietzing;Braunschweiggasse;U4;Nein;;;;;;;;;
4426;Schönbrunn;Hietzing;U4;Nein;;;;;;;;;
4424;Meidling Hauptstraße;Schönbrunn;U4;Nein;;;;;;;;;
4438;Längenfeldgasse;Meidling Hauptstraße;U4;Nein;;;;;;;;;
4422;Margaretengürtel;Längenfeldgasse;U4;Nein;;;;;;;;;
4420;Pilgramgasse;Margaretengürtel;U4;Nein;;;;;;;;;
4418;Kettenbrückengasse;Pilgramgasse;U4;Nein;;;;;;;;;
4416;Karlsplatz;Kettenbrückengasse;U4;Nein;;;;;;;;;
4414;Stadtpark;Karlsplatz;U4;Nein;;;;;;;;;
4412;Landstraße;Stadtpark;U4;Nein;;;;;;;;;
4410;Schwedenplatz;Landstraße;U4;Nein;;;;;;;;;
4408;Schottenring;Schwedenplatz;U4;Nein;;;;;;;;;
4406;Roßauer Lände;Schottenring;U4;Nein;;;;;;;;;
4404;Friedensbrücke;Roßauer Lände;U4;Nein;;;;;;;;;
4440;Spittelau;Friedensbrücke;U4;Nein;;;;;;;;;
4402;Heiligenstadt;Spittelau;U4;Nein;;;;;;;;;
4435;Heiligenstadt;Gleis nach der Station Heiligenstadt;U4;Ja;;;;;;;;;
4436;Hütteldorf;Gleis nach der Station Hütteldorf;U4;Ja;;;;;;;;;
4460;Wendegleis der Station Hütteldrof;Wendegleis der Station Hütteldrof;U4;Ja;;;;;;;;;
4461;Wendegleis der Station Heiligenstadt;Wendegleis der Station Heiligenstadt;U4;Ja;;;;;;;;;